{
    "rmse": 0.38310805432310036,
    "mae": 0.14677178128723162,
    "r2": -0.10627041512495272
}