{
    "rmse": 0.35865643644408945,
    "mae": 0.1286344394027732,
    "r2": 0.030437094723389846
}