{
    "rmse": 0.3821308418971602,
    "mae": 0.1460239803290324,
    "r2": -0.10063397691317633
}