{
    "rmse": 0.37853172700114934,
    "mae": 0.14328626834647265,
    "r2": -0.07999888108701136
}